ReqURL,Do_Time,Duration,Res_Code
http://www.intellilink.co.jp,20190715063806,84039451,200 OK
http://www.intellilink.co.jp,20190715065043,62733602,200 OK
http://www.intellilink.co.jp,20190715070043,72366809,200 OK
http://www.intellilink.co.jp,20190715071043,70109134,200 OK
http://www.intellilink.co.jp,20190715072043,67724494,200 OK
http://www.intellilink.co.jp,20190715073043,68217941,200 OK
http://www.intellilink.co.jp,20190715074043,116583006,200 OK
http://www.intellilink.co.jp,20190715075043,81851817,200 OK
http://www.intellilink.co.jp,20190715080042,67473790,200 OK
http://www.intellilink.co.jp,20190715081043,83537986,200 OK
http://www.intellilink.co.jp,20190715082043,123547746,200 OK
http://www.intellilink.co.jp,20190715083043,63063678,200 OK
http://www.intellilink.co.jp,20190715084043,121960876,200 OK
http://www.intellilink.co.jp,20190715085042,92598609,200 OK
http://www.intellilink.co.jp,20190715090043,87852354,200 OK
http://www.intellilink.co.jp,20190715091042,140990222,200 OK
http://www.intellilink.co.jp,20190715092043,127085717,200 OK
http://www.intellilink.co.jp,20190715093043,86265367,200 OK
http://www.intellilink.co.jp,20190715094043,90499972,200 OK
http://www.intellilink.co.jp,20190715095042,68709850,200 OK
http://www.intellilink.co.jp,20190715100043,65681197,200 OK
http://www.intellilink.co.jp,20190715101043,135575813,200 OK
http://www.intellilink.co.jp,20190715102043,93410396,200 OK
http://www.intellilink.co.jp,20190715103043,94472244,200 OK
http://www.intellilink.co.jp,20190715104043,84208465,200 OK
http://www.intellilink.co.jp,20190715105043,110853127,200 OK
http://www.intellilink.co.jp,20190715110043,63969026,200 OK
http://www.intellilink.co.jp,20190715111043,87513634,200 OK
http://www.intellilink.co.jp,20190715112043,95998276,200 OK
http://www.intellilink.co.jp,20190715113042,68007613,200 OK
http://www.intellilink.co.jp,20190715114043,383704109,200 OK
http://www.intellilink.co.jp,20190715115043,70922974,200 OK
http://www.intellilink.co.jp,20190715120043,85044686,200 OK
http://www.intellilink.co.jp,20190715121043,88023028,200 OK
http://www.intellilink.co.jp,20190715122043,84980997,200 OK
http://www.intellilink.co.jp,20190715123043,75557716,200 OK
http://www.intellilink.co.jp,20190715124043,85623820,200 OK
http://www.intellilink.co.jp,20190715125043,148478268,200 OK
http://www.intellilink.co.jp,20190715130043,80099441,200 OK
http://www.intellilink.co.jp,20190715131043,92561511,200 OK
http://www.intellilink.co.jp,20190715132043,86569379,200 OK
http://www.intellilink.co.jp,20190715133043,73312876,200 OK
http://www.intellilink.co.jp,20190715134043,82077792,200 OK
http://www.intellilink.co.jp,20190715135043,71790160,200 OK
http://www.intellilink.co.jp,20190715140043,83648249,200 OK
http://www.intellilink.co.jp,20190715141042,71840951,200 OK
http://www.intellilink.co.jp,20190715142043,66379911,200 OK
http://www.intellilink.co.jp,20190715143043,71787403,200 OK
http://www.intellilink.co.jp,20190715144043,112850440,200 OK
http://www.intellilink.co.jp,20190715145043,72579528,200 OK
http://www.intellilink.co.jp,20190715150043,70084392,200 OK
http://www.intellilink.co.jp,20190715151043,76702212,200 OK
http://www.intellilink.co.jp,20190715152043,67952409,200 OK
http://www.intellilink.co.jp,20190715153043,90219335,200 OK
http://www.intellilink.co.jp,20190715154043,80222334,200 OK
http://www.intellilink.co.jp,20190715155043,75796382,200 OK
http://www.intellilink.co.jp,20190715160043,75504492,200 OK
http://www.intellilink.co.jp,20190715161043,82190207,200 OK
http://www.intellilink.co.jp,20190715162043,65043892,200 OK
http://www.intellilink.co.jp,20190715163043,79502805,200 OK
http://www.intellilink.co.jp,20190715164043,65355782,200 OK
http://www.intellilink.co.jp,20190715165043,98733916,200 OK
http://www.intellilink.co.jp,20190715170043,87467245,200 OK
http://www.intellilink.co.jp,20190715171042,107874227,200 OK
http://www.intellilink.co.jp,20190715172043,80982721,200 OK
http://www.intellilink.co.jp,20190715173043,69891599,200 OK
http://www.intellilink.co.jp,20190715174042,89002111,200 OK
http://www.intellilink.co.jp,20190715175043,80343963,200 OK
http://www.intellilink.co.jp,20190715180043,96205378,200 OK
http://www.intellilink.co.jp,20190715181043,80699961,200 OK
http://www.intellilink.co.jp,20190715182042,102923100,200 OK
http://www.intellilink.co.jp,20190715183043,71852655,200 OK
http://www.intellilink.co.jp,20190715184043,77580173,200 OK
http://www.intellilink.co.jp,20190715185043,77905413,200 OK
http://www.intellilink.co.jp,20190715190043,69075819,200 OK
http://www.intellilink.co.jp,20190715191043,63261898,200 OK
http://www.intellilink.co.jp,20190715192043,63225908,200 OK
http://www.intellilink.co.jp,20190715193043,71097048,200 OK
http://www.intellilink.co.jp,20190715194043,89869999,200 OK
http://www.intellilink.co.jp,20190715195043,89864741,200 OK
http://www.intellilink.co.jp,20190715200043,148322101,200 OK
http://www.intellilink.co.jp,20190715201042,72978489,200 OK
http://www.intellilink.co.jp,20190715202043,72587330,200 OK
http://www.intellilink.co.jp,20190715203043,76310122,200 OK
http://www.intellilink.co.jp,20190715204043,70514144,200 OK
http://www.intellilink.co.jp,20190715205043,77302826,200 OK
http://www.intellilink.co.jp,20190715210043,72029459,200 OK
http://www.intellilink.co.jp,20190715211043,87637133,200 OK
http://www.intellilink.co.jp,20190715212043,100626099,200 OK
http://www.intellilink.co.jp,20190715213042,62314570,200 OK
http://www.intellilink.co.jp,20190715214043,74056352,200 OK
http://www.intellilink.co.jp,20190715215043,68151709,200 OK
http://www.intellilink.co.jp,20190715220043,89855759,200 OK
http://www.intellilink.co.jp,20190715221043,88839336,200 OK
http://www.intellilink.co.jp,20190715222043,67333031,200 OK
http://www.intellilink.co.jp,20190715223043,72260394,200 OK
http://www.intellilink.co.jp,20190715224042,79799208,200 OK
http://www.intellilink.co.jp,20190715225043,99239179,200 OK
http://www.intellilink.co.jp,20190715230043,91887788,200 OK
http://www.intellilink.co.jp,20190715231043,56908584,200 OK
http://www.intellilink.co.jp,20190715232043,66859326,200 OK
http://www.intellilink.co.jp,20190715233042,74730176,200 OK
http://www.intellilink.co.jp,20190715234043,82105515,200 OK
http://www.intellilink.co.jp,20190715235043,83027173,200 OK
http://www.intellilink.co.jp,20190716000043,102056149,200 OK
http://www.intellilink.co.jp,20190716001043,99800043,200 OK
http://www.intellilink.co.jp,20190716002042,65489713,200 OK
http://www.intellilink.co.jp,20190716003043,81207801,200 OK
http://www.intellilink.co.jp,20190716004043,60250368,200 OK
http://www.intellilink.co.jp,20190716005043,78588282,200 OK
http://www.intellilink.co.jp,20190716010043,151027570,200 OK
http://www.intellilink.co.jp,20190716011043,77243851,200 OK
http://www.intellilink.co.jp,20190716012043,76910017,200 OK
http://www.intellilink.co.jp,20190716013043,112310813,200 OK
http://www.intellilink.co.jp,20190716014043,96321011,200 OK
http://www.intellilink.co.jp,20190716015043,145339079,200 OK
http://www.intellilink.co.jp,20190716020043,105970364,200 OK
http://www.intellilink.co.jp,20190716021043,76174815,200 OK
http://www.intellilink.co.jp,20190716022043,93415804,200 OK
http://www.intellilink.co.jp,20190716023043,117894672,200 OK
http://www.intellilink.co.jp,20190716024043,75753979,200 OK
http://www.intellilink.co.jp,20190716025043,77590420,200 OK
http://www.intellilink.co.jp,20190716030042,127414351,200 OK
http://www.intellilink.co.jp,20190716031043,114902409,200 OK
http://www.intellilink.co.jp,20190716032042,85177662,200 OK
http://www.intellilink.co.jp,20190716033043,84034132,200 OK
http://www.intellilink.co.jp,20190716034042,87466166,200 OK
http://www.intellilink.co.jp,20190716035043,78508069,200 OK
http://www.intellilink.co.jp,20190716040043,68545413,200 OK
http://www.intellilink.co.jp,20190716041042,69731071,200 OK
http://www.intellilink.co.jp,20190716042043,76361103,200 OK
http://www.intellilink.co.jp,20190716043043,64638574,200 OK
http://www.intellilink.co.jp,20190716044043,77144572,200 OK
http://www.intellilink.co.jp,20190716045043,105231081,200 OK
http://www.intellilink.co.jp,20190716050043,139957001,200 OK
http://www.intellilink.co.jp,20190716051043,102764295,200 OK
http://www.intellilink.co.jp,20190716052043,73665338,200 OK
http://www.intellilink.co.jp,20190716053043,92032279,200 OK
http://www.intellilink.co.jp,20190716054043,78014585,200 OK
http://www.intellilink.co.jp,20190716055043,77722864,200 OK
http://www.intellilink.co.jp,20190716060043,74956439,200 OK
http://www.intellilink.co.jp,20190716061043,82270410,200 OK
http://www.intellilink.co.jp,20190716062042,64832300,200 OK
http://www.intellilink.co.jp,20190716063043,90354748,200 OK
http://www.intellilink.co.jp,20190716064043,108473164,200 OK
http://www.intellilink.co.jp,20190716065043,94700893,200 OK
http://www.intellilink.co.jp,20190716070043,60894800,200 OK
http://www.intellilink.co.jp,20190716071043,121980195,200 OK
http://www.intellilink.co.jp,20190716072043,63067765,200 OK
http://www.intellilink.co.jp,20190716073043,87465096,200 OK
http://www.intellilink.co.jp,20190716074043,100767376,200 OK
http://www.intellilink.co.jp,20190716075043,119682520,200 OK
http://www.intellilink.co.jp,20190716080043,80400536,200 OK
http://www.intellilink.co.jp,20190716081043,81180689,200 OK
http://www.intellilink.co.jp,20190716082043,105167691,200 OK
http://www.intellilink.co.jp,20190716083043,86826263,200 OK
http://www.intellilink.co.jp,20190716084043,117407459,200 OK
http://www.intellilink.co.jp,20190716085043,70275118,200 OK
http://www.intellilink.co.jp,20190716090043,64775925,200 OK
http://www.intellilink.co.jp,20190716091043,71672369,200 OK
http://www.intellilink.co.jp,20190716092043,83020579,200 OK
http://www.intellilink.co.jp,20190716093042,88703676,200 OK
http://www.intellilink.co.jp,20190716094043,81548037,200 OK
http://www.intellilink.co.jp,20190716095043,92631402,200 OK
http://www.intellilink.co.jp,20190716100043,101270165,200 OK
http://www.intellilink.co.jp,20190716101043,85660325,200 OK
http://www.intellilink.co.jp,20190716102042,136935569,200 OK
http://www.intellilink.co.jp,20190716103043,68100411,200 OK
http://www.intellilink.co.jp,20190716104043,70593009,200 OK
http://www.intellilink.co.jp,20190716105043,63950659,200 OK
http://www.intellilink.co.jp,20190716110043,154672311,200 OK
http://www.intellilink.co.jp,20190716111043,55269023,200 OK
http://www.intellilink.co.jp,20190716112043,70109552,200 OK
http://www.intellilink.co.jp,20190716113043,95394844,200 OK
http://www.intellilink.co.jp,20190716114043,112978643,200 OK
http://www.intellilink.co.jp,20190716115043,74635224,200 OK
http://www.intellilink.co.jp,20190716120042,70534626,200 OK
http://www.intellilink.co.jp,20190716121043,66048894,200 OK
http://www.intellilink.co.jp,20190716122043,74706341,200 OK
http://www.intellilink.co.jp,20190716123043,67676425,200 OK
http://www.intellilink.co.jp,20190716124043,479519086,200 OK
http://www.intellilink.co.jp,20190716125043,81462382,200 OK
http://www.intellilink.co.jp,20190716130043,65466173,200 OK
http://www.intellilink.co.jp,20190716131043,67003158,200 OK
http://www.intellilink.co.jp,20190716132043,76814804,200 OK
http://www.intellilink.co.jp,20190716133043,74441711,200 OK
http://www.intellilink.co.jp,20190716134043,64228185,200 OK
http://www.intellilink.co.jp,20190716135043,65346452,200 OK
http://www.intellilink.co.jp,20190716140043,66112922,200 OK
http://www.intellilink.co.jp,20190716141043,74300452,200 OK
http://www.intellilink.co.jp,20190716142042,63090130,200 OK
http://www.intellilink.co.jp,20190716143043,76007139,200 OK
http://www.intellilink.co.jp,20190716144043,70689851,200 OK
http://www.intellilink.co.jp,20190716145043,60318949,200 OK
http://www.intellilink.co.jp,20190716150043,60641313,200 OK
http://www.intellilink.co.jp,20190716151043,84121530,200 OK
http://www.intellilink.co.jp,20190716152043,131509505,200 OK
http://www.intellilink.co.jp,20190716153043,76221245,200 OK
http://www.intellilink.co.jp,20190716154043,94721243,200 OK
http://www.intellilink.co.jp,20190716155043,67796213,200 OK
http://www.intellilink.co.jp,20190716160043,62385402,200 OK
http://www.intellilink.co.jp,20190716161043,55093060,200 OK
http://www.intellilink.co.jp,20190716162043,139567600,200 OK
http://www.intellilink.co.jp,20190716163043,69730989,200 OK
http://www.intellilink.co.jp,20190716164043,94874925,200 OK
http://www.intellilink.co.jp,20190716165043,60993191,200 OK
http://www.intellilink.co.jp,20190716170042,64897540,200 OK
http://www.intellilink.co.jp,20190716171043,94364224,200 OK
http://www.intellilink.co.jp,20190716172043,73897423,200 OK
http://www.intellilink.co.jp,20190716173043,67343335,200 OK
http://www.intellilink.co.jp,20190716174043,68975100,200 OK
http://www.intellilink.co.jp,20190716175043,64927190,200 OK
http://www.intellilink.co.jp,20190716180043,68915601,200 OK
http://www.intellilink.co.jp,20190716181043,57613407,200 OK
http://www.intellilink.co.jp,20190716182043,67686843,200 OK
http://www.intellilink.co.jp,20190716183043,82578268,200 OK
http://www.intellilink.co.jp,20190716184043,91055440,200 OK
http://www.intellilink.co.jp,20190716185043,92538207,200 OK
http://www.intellilink.co.jp,20190716190043,132845577,200 OK
http://www.intellilink.co.jp,20190716191042,111525835,200 OK
http://www.intellilink.co.jp,20190716192042,69520264,200 OK
http://www.intellilink.co.jp,20190716193043,79231203,200 OK
http://www.intellilink.co.jp,20190716194043,69360482,200 OK
http://www.intellilink.co.jp,20190716195043,90849192,200 OK
http://www.intellilink.co.jp,20190716200043,89335803,200 OK
http://www.intellilink.co.jp,20190716201043,79144329,200 OK
http://www.intellilink.co.jp,20190716202043,69367354,200 OK
http://www.intellilink.co.jp,20190716203043,87351512,200 OK
http://www.intellilink.co.jp,20190716204043,63458989,200 OK
http://www.intellilink.co.jp,20190716205043,74467532,200 OK
http://www.intellilink.co.jp,20190716210043,69460465,200 OK
http://www.intellilink.co.jp,20190716211043,82896534,200 OK
http://www.intellilink.co.jp,20190716212043,92810315,200 OK
http://www.intellilink.co.jp,20190716213043,83308221,200 OK
http://www.intellilink.co.jp,20190716214043,79709296,200 OK
http://www.intellilink.co.jp,20190716215043,63276403,200 OK
http://www.intellilink.co.jp,20190716220042,75704405,200 OK
http://www.intellilink.co.jp,20190716221043,76112950,200 OK
http://www.intellilink.co.jp,20190716222043,88494331,200 OK
http://www.intellilink.co.jp,20190716223043,95126551,200 OK
http://www.intellilink.co.jp,20190716224042,65179533,200 OK
http://www.intellilink.co.jp,20190716225042,89211818,200 OK
http://www.intellilink.co.jp,20190716230043,88545166,200 OK
http://www.intellilink.co.jp,20190716231043,69464934,200 OK
http://www.intellilink.co.jp,20190716232043,76272048,200 OK
http://www.intellilink.co.jp,20190716233043,81658272,200 OK
http://www.intellilink.co.jp,20190716234043,83950424,200 OK
http://www.intellilink.co.jp,20190716235043,70663747,200 OK
http://www.intellilink.co.jp,20190717000043,89604320,200 OK
http://www.intellilink.co.jp,20190717001043,87639049,200 OK
http://www.intellilink.co.jp,20190717002043,72046859,200 OK
http://www.intellilink.co.jp,20190717003043,73156806,200 OK
http://www.intellilink.co.jp,20190717004043,84892988,200 OK
http://www.intellilink.co.jp,20190717005043,105291476,200 OK
http://www.intellilink.co.jp,20190717010043,83916541,200 OK
http://www.intellilink.co.jp,20190717011043,87673996,200 OK
http://www.intellilink.co.jp,20190717012043,69486246,200 OK
http://www.intellilink.co.jp,20190717013043,117322678,200 OK
http://www.intellilink.co.jp,20190717014043,137460970,200 OK
http://www.intellilink.co.jp,20190717015043,61366973,200 OK
http://www.intellilink.co.jp,20190717020043,88398893,200 OK
http://www.intellilink.co.jp,20190717021043,149798922,200 OK
http://www.intellilink.co.jp,20190717022043,133899082,200 OK
http://www.intellilink.co.jp,20190717023043,84145969,200 OK
http://www.intellilink.co.jp,20190717024042,91890094,200 OK
http://www.intellilink.co.jp,20190717025043,64435841,200 OK
http://www.intellilink.co.jp,20190717030043,100272105,200 OK
http://www.intellilink.co.jp,20190717031043,92042417,200 OK
http://www.intellilink.co.jp,20190717032043,84601190,200 OK
http://www.intellilink.co.jp,20190717033043,91668564,200 OK
http://www.intellilink.co.jp,20190717034042,69837281,200 OK
http://www.intellilink.co.jp,20190717035043,155933169,200 OK
http://www.intellilink.co.jp,20190717040043,94147418,200 OK
http://www.intellilink.co.jp,20190717041043,1241746582,200 OK
http://www.intellilink.co.jp,20190717042043,75066966,200 OK
http://www.intellilink.co.jp,20190717043042,100414559,200 OK
http://www.intellilink.co.jp,20190717044043,84603469,200 OK
http://www.intellilink.co.jp,20190717045043,98922756,200 OK
http://www.intellilink.co.jp,20190717050043,191585515,200 OK
http://www.intellilink.co.jp,20190717051043,134644640,200 OK
http://www.intellilink.co.jp,20190717052043,120737637,200 OK
http://www.intellilink.co.jp,20190717053043,85035192,200 OK
http://www.intellilink.co.jp,20190717054043,101498403,200 OK
http://www.intellilink.co.jp,20190717055043,80203963,200 OK
http://www.intellilink.co.jp,20190717060043,82373827,200 OK
http://www.intellilink.co.jp,20190717061043,64401273,200 OK
http://www.intellilink.co.jp,20190717062043,76245677,200 OK
http://www.intellilink.co.jp,20190717063043,89978162,200 OK
http://www.intellilink.co.jp,20190717064043,63076924,200 OK
http://www.intellilink.co.jp,20190717065043,75369744,200 OK
http://www.intellilink.co.jp,20190717070043,134066931,200 OK
http://www.intellilink.co.jp,20190717071043,81614208,200 OK
http://www.intellilink.co.jp,20190717072043,70905147,200 OK
http://www.intellilink.co.jp,20190717073043,117735920,200 OK
http://www.intellilink.co.jp,20190717074043,105373738,200 OK
http://www.intellilink.co.jp,20190717075043,66659720,200 OK
http://www.intellilink.co.jp,20190717080043,99577353,200 OK
http://www.intellilink.co.jp,20190717081043,88920953,200 OK
http://www.intellilink.co.jp,20190717082043,98582272,200 OK
http://www.intellilink.co.jp,20190717083043,92904320,200 OK
http://www.intellilink.co.jp,20190717084043,87960205,200 OK
http://www.intellilink.co.jp,20190717085043,95298744,200 OK
http://www.intellilink.co.jp,20190717090043,281500297,200 OK
http://www.intellilink.co.jp,20190717091043,91915084,200 OK
http://www.intellilink.co.jp,20190717092043,70092181,200 OK
http://www.intellilink.co.jp,20190717093043,91968530,200 OK
http://www.intellilink.co.jp,20190717094043,66124033,200 OK
http://www.intellilink.co.jp,20190717095043,83292458,200 OK
http://www.intellilink.co.jp,20190717100043,109554868,200 OK
http://www.intellilink.co.jp,20190717101043,60548736,200 OK
http://www.intellilink.co.jp,20190717102043,119365479,200 OK
http://www.intellilink.co.jp,20190717103043,76978957,200 OK
http://www.intellilink.co.jp,20190717104043,70957447,200 OK
http://www.intellilink.co.jp,20190717105043,76328376,200 OK
http://www.intellilink.co.jp,20190717110043,88311017,200 OK
http://www.intellilink.co.jp,20190717111043,94507414,200 OK
http://www.intellilink.co.jp,20190717112043,73245631,200 OK
http://www.intellilink.co.jp,20190717113043,90756967,200 OK
http://www.intellilink.co.jp,20190717114043,99975232,200 OK
http://www.intellilink.co.jp,20190717115043,69384901,200 OK
http://www.intellilink.co.jp,20190717120043,69625146,200 OK
http://www.intellilink.co.jp,20190717121043,74233952,200 OK
http://www.intellilink.co.jp,20190717122042,74424499,200 OK
http://www.intellilink.co.jp,20190717123043,74676212,200 OK
http://www.intellilink.co.jp,20190717124043,66292443,200 OK
http://www.intellilink.co.jp,20190717125043,73354031,200 OK
http://www.intellilink.co.jp,20190717130043,121675723,200 OK
http://www.intellilink.co.jp,20190717131043,89642132,200 OK
http://www.intellilink.co.jp,20190717132043,94660771,200 OK
http://www.intellilink.co.jp,20190717133043,91974967,200 OK
http://www.intellilink.co.jp,20190717134043,115214293,200 OK
http://www.intellilink.co.jp,20190717135043,83399914,200 OK
http://www.intellilink.co.jp,20190717140042,94549932,200 OK
http://www.intellilink.co.jp,20190717141042,88588968,200 OK
http://www.intellilink.co.jp,20190717142043,93365998,200 OK
http://www.intellilink.co.jp,20190717143043,66715758,200 OK
http://www.intellilink.co.jp,20190717144043,66428207,200 OK
http://www.intellilink.co.jp,20190717145042,136559657,200 OK
http://www.intellilink.co.jp,20190717150043,69867873,200 OK
http://www.intellilink.co.jp,20190717151042,77082109,200 OK
http://www.intellilink.co.jp,20190717152043,61991498,200 OK
http://www.intellilink.co.jp,20190717153043,76590153,200 OK
http://www.intellilink.co.jp,20190717154043,65440570,200 OK
http://www.intellilink.co.jp,20190717155043,60173725,200 OK
http://www.intellilink.co.jp,20190717160043,83281498,200 OK
http://www.intellilink.co.jp,20190717161043,90925425,200 OK
http://www.intellilink.co.jp,20190717162043,85403233,200 OK
http://www.intellilink.co.jp,20190717163043,87466082,200 OK
http://www.intellilink.co.jp,20190717164043,162712202,200 OK
http://www.intellilink.co.jp,20190717165043,86132673,200 OK
http://www.intellilink.co.jp,20190717170043,94688154,200 OK
http://www.intellilink.co.jp,20190717171043,84272707,200 OK
http://www.intellilink.co.jp,20190717172043,77915250,200 OK
http://www.intellilink.co.jp,20190717173043,85725457,200 OK
http://www.intellilink.co.jp,20190717174042,90554726,200 OK
http://www.intellilink.co.jp,20190717175043,67538101,200 OK
http://www.intellilink.co.jp,20190717180043,95686803,200 OK
http://www.intellilink.co.jp,20190717181043,68154076,200 OK
http://www.intellilink.co.jp,20190717182043,80215812,200 OK
http://www.intellilink.co.jp,20190717183042,68705536,200 OK
http://www.intellilink.co.jp,20190717184042,72302190,200 OK
http://www.intellilink.co.jp,20190717185042,95314881,200 OK
http://www.intellilink.co.jp,20190717190043,118128335,200 OK
http://www.intellilink.co.jp,20190717191042,72743534,200 OK
http://www.intellilink.co.jp,20190717192043,93427539,200 OK
http://www.intellilink.co.jp,20190717193042,110787502,200 OK
http://www.intellilink.co.jp,20190717194043,72769951,200 OK
http://www.intellilink.co.jp,20190717195043,69113037,200 OK
http://www.intellilink.co.jp,20190717200042,95701590,200 OK
http://www.intellilink.co.jp,20190717201043,81122029,200 OK
http://www.intellilink.co.jp,20190717202043,65136990,200 OK
http://www.intellilink.co.jp,20190717203043,84656695,200 OK
http://www.intellilink.co.jp,20190717204043,88267635,200 OK
http://www.intellilink.co.jp,20190717205043,85846001,200 OK
http://www.intellilink.co.jp,20190717210043,86490556,200 OK
http://www.intellilink.co.jp,20190717211042,144776792,200 OK
http://www.intellilink.co.jp,20190717212043,85299213,200 OK
http://www.intellilink.co.jp,20190717213043,91543720,200 OK
http://www.intellilink.co.jp,20190717214043,87595468,200 OK
http://www.intellilink.co.jp,20190717215043,63599398,200 OK
http://www.intellilink.co.jp,20190717220043,85056047,200 OK
http://www.intellilink.co.jp,20190717221043,84141641,200 OK
http://www.intellilink.co.jp,20190717222043,75085962,200 OK
http://www.intellilink.co.jp,20190717223043,68004095,200 OK
http://www.intellilink.co.jp,20190717224043,98559494,200 OK
http://www.intellilink.co.jp,20190717225043,122199748,200 OK
http://www.intellilink.co.jp,20190717230043,90899481,200 OK
http://www.intellilink.co.jp,20190717231043,78546459,200 OK
http://www.intellilink.co.jp,20190717232043,91611550,200 OK
http://www.intellilink.co.jp,20190717233042,68639533,200 OK
http://www.intellilink.co.jp,20190717234043,110543522,200 OK
http://www.intellilink.co.jp,20190717235043,83192221,200 OK
http://www.intellilink.co.jp,20190718000043,93318210,200 OK
http://www.intellilink.co.jp,20190718001043,94363630,200 OK
http://www.intellilink.co.jp,20190718002043,67744365,200 OK
http://www.intellilink.co.jp,20190718003043,84674864,200 OK
http://www.intellilink.co.jp,20190718004043,93907920,200 OK
http://www.intellilink.co.jp,20190718005043,71289502,200 OK
http://www.intellilink.co.jp,20190718010043,86676554,200 OK
http://www.intellilink.co.jp,20190718011042,77289412,200 OK
http://www.intellilink.co.jp,20190718012043,114751171,200 OK
http://www.intellilink.co.jp,20190718013043,57436263,200 OK
http://www.intellilink.co.jp,20190718014043,92402523,200 OK
http://www.intellilink.co.jp,20190718015043,76277449,200 OK
http://www.intellilink.co.jp,20190718020043,95565437,200 OK
http://www.intellilink.co.jp,20190718021043,93904302,200 OK
http://www.intellilink.co.jp,20190718022043,65991274,200 OK
http://www.intellilink.co.jp,20190718023043,96430380,200 OK
http://www.intellilink.co.jp,20190718024042,75429840,200 OK
http://www.intellilink.co.jp,20190718025043,68027096,200 OK
http://www.intellilink.co.jp,20190718030043,87071537,200 OK
http://www.intellilink.co.jp,20190718031043,79078161,200 OK
http://www.intellilink.co.jp,20190718032043,68311808,200 OK
http://www.intellilink.co.jp,20190718033043,71539125,200 OK
http://www.intellilink.co.jp,20190718034042,159592258,200 OK
http://www.intellilink.co.jp,20190718035043,100114511,200 OK
http://www.intellilink.co.jp,20190718040043,73163988,200 OK
http://www.intellilink.co.jp,20190718041043,68721550,200 OK
http://www.intellilink.co.jp,20190718042043,74068165,200 OK
http://www.intellilink.co.jp,20190718043043,97995628,200 OK
http://www.intellilink.co.jp,20190718044043,116854502,200 OK
http://www.intellilink.co.jp,20190718045043,72935784,200 OK
http://www.intellilink.co.jp,20190718050042,100355881,200 OK
http://www.intellilink.co.jp,20190718051043,136629993,200 OK
http://www.intellilink.co.jp,20190718052043,149189977,200 OK
http://www.intellilink.co.jp,20190718053043,104273784,200 OK
http://www.intellilink.co.jp,20190718054043,100368647,200 OK
http://www.intellilink.co.jp,20190718055043,135126274,200 OK
http://www.intellilink.co.jp,20190718060043,127108956,200 OK
http://www.intellilink.co.jp,20190718061043,76582500,200 OK
http://www.intellilink.co.jp,20190718062043,68178322,200 OK
http://www.intellilink.co.jp,20190718063043,77202930,200 OK
http://www.intellilink.co.jp,20190718064043,131954581,200 OK
http://www.intellilink.co.jp,20190718065043,123111006,200 OK
http://www.intellilink.co.jp,20190718070043,78653278,200 OK
http://www.intellilink.co.jp,20190718071042,95171339,200 OK
http://www.intellilink.co.jp,20190718072043,130393685,200 OK
http://www.intellilink.co.jp,20190718073042,85467482,200 OK
http://www.intellilink.co.jp,20190718074043,67676655,200 OK
http://www.intellilink.co.jp,20190718075043,99723783,200 OK
http://www.intellilink.co.jp,20190718080043,109435612,200 OK
http://www.intellilink.co.jp,20190718081043,153319619,200 OK
http://www.intellilink.co.jp,20190718082043,75574544,200 OK
http://www.intellilink.co.jp,20190718083043,89781115,200 OK
http://www.intellilink.co.jp,20190718084043,68546999,200 OK
http://www.intellilink.co.jp,20190718085043,109053645,200 OK
http://www.intellilink.co.jp,20190718090043,72435440,200 OK
http://www.intellilink.co.jp,20190718091043,58195910,200 OK
http://www.intellilink.co.jp,20190718092043,116537407,200 OK
http://www.intellilink.co.jp,20190718093043,69156941,200 OK
http://www.intellilink.co.jp,20190718094043,124823932,200 OK
http://www.intellilink.co.jp,20190718095043,101844211,200 OK
http://www.intellilink.co.jp,20190718100042,108696242,200 OK
http://www.intellilink.co.jp,20190718101042,97531515,200 OK
http://www.intellilink.co.jp,20190718102043,74020418,200 OK
http://www.intellilink.co.jp,20190718103042,69766417,200 OK
http://www.intellilink.co.jp,20190718104043,86984284,200 OK
http://www.intellilink.co.jp,20190718105043,70448518,200 OK
http://www.intellilink.co.jp,20190718110043,74581244,200 OK
http://www.intellilink.co.jp,20190718111043,86803923,200 OK
http://www.intellilink.co.jp,20190718112043,71201364,200 OK
http://www.intellilink.co.jp,20190718113042,74203583,200 OK
http://www.intellilink.co.jp,20190718114042,71770693,200 OK
http://www.intellilink.co.jp,20190718115043,103766036,200 OK
http://www.intellilink.co.jp,20190718120043,92407442,200 OK
http://www.intellilink.co.jp,20190718121043,90327845,200 OK
http://www.intellilink.co.jp,20190718122043,74239377,200 OK
http://www.intellilink.co.jp,20190718123043,71859077,200 OK
http://www.intellilink.co.jp,20190718124043,55361340,200 OK
http://www.intellilink.co.jp,20190718125043,75359860,200 OK
http://www.intellilink.co.jp,20190718130043,58728619,200 OK
http://www.intellilink.co.jp,20190718131042,80997010,200 OK
http://www.intellilink.co.jp,20190718132043,76595427,200 OK
http://www.intellilink.co.jp,20190718133043,78983538,200 OK
http://www.intellilink.co.jp,20190718134042,91761819,200 OK
http://www.intellilink.co.jp,20190718135043,60167271,200 OK
http://www.intellilink.co.jp,20190718140043,100681214,200 OK
http://www.intellilink.co.jp,20190718141043,70645553,200 OK
http://www.intellilink.co.jp,20190718142043,89531850,200 OK
http://www.intellilink.co.jp,20190718143043,68485200,200 OK
http://www.intellilink.co.jp,20190718144043,72756654,200 OK
http://www.intellilink.co.jp,20190718145043,61284757,200 OK
http://www.intellilink.co.jp,20190718150042,74397079,200 OK
http://www.intellilink.co.jp,20190718151043,92492895,200 OK
http://www.intellilink.co.jp,20190718152043,70246480,200 OK
http://www.intellilink.co.jp,20190718153042,90373391,200 OK
http://www.intellilink.co.jp,20190718154043,66206037,200 OK
http://www.intellilink.co.jp,20190718155043,64062714,200 OK
http://www.intellilink.co.jp,20190718160043,87606317,200 OK
http://www.intellilink.co.jp,20190718161043,72720998,200 OK
http://www.intellilink.co.jp,20190718162043,67588704,200 OK
http://www.intellilink.co.jp,20190718163043,92034833,200 OK
http://www.intellilink.co.jp,20190718164043,77901693,200 OK
http://www.intellilink.co.jp,20190718165043,80000651,200 OK
http://www.intellilink.co.jp,20190718170043,75896578,200 OK
http://www.intellilink.co.jp,20190718171043,94812238,200 OK
http://www.intellilink.co.jp,20190718172043,74330104,200 OK
http://www.intellilink.co.jp,20190718173043,73804862,200 OK
http://www.intellilink.co.jp,20190718174043,85631600,200 OK
http://www.intellilink.co.jp,20190718175043,89821695,200 OK
http://www.intellilink.co.jp,20190718180043,75143742,200 OK
http://www.intellilink.co.jp,20190718181042,71896796,200 OK
http://www.intellilink.co.jp,20190718182043,62873883,200 OK
http://www.intellilink.co.jp,20190718183043,85303725,200 OK
http://www.intellilink.co.jp,20190718184043,82866965,200 OK
http://www.intellilink.co.jp,20190718185043,66192149,200 OK
http://www.intellilink.co.jp,20190718190043,77765784,200 OK
http://www.intellilink.co.jp,20190718191043,76901115,200 OK
http://www.intellilink.co.jp,20190718192042,70536419,200 OK
http://www.intellilink.co.jp,20190718193042,93751400,200 OK
http://www.intellilink.co.jp,20190718194043,92952887,200 OK
http://www.intellilink.co.jp,20190718195043,89264975,200 OK
http://www.intellilink.co.jp,20190718200042,68251941,200 OK
http://www.intellilink.co.jp,20190718201043,64591208,200 OK
http://www.intellilink.co.jp,20190718202043,74095997,200 OK
http://www.intellilink.co.jp,20190718203043,83196738,200 OK
http://www.intellilink.co.jp,20190718204043,67985056,200 OK
http://www.intellilink.co.jp,20190718205043,80073505,200 OK
http://www.intellilink.co.jp,20190718210043,77681212,200 OK
http://www.intellilink.co.jp,20190718211043,132854567,200 OK
http://www.intellilink.co.jp,20190718212043,78402707,200 OK
http://www.intellilink.co.jp,20190718213043,68780306,200 OK
http://www.intellilink.co.jp,20190718214043,90816865,200 OK
http://www.intellilink.co.jp,20190718215043,73638263,200 OK
http://www.intellilink.co.jp,20190718220043,119208917,200 OK
http://www.intellilink.co.jp,20190718221043,123304741,200 OK
http://www.intellilink.co.jp,20190718222043,93576148,200 OK
http://www.intellilink.co.jp,20190718223042,74683171,200 OK
http://www.intellilink.co.jp,20190718224043,63389974,200 OK
http://www.intellilink.co.jp,20190718225043,76926623,200 OK
http://www.intellilink.co.jp,20190718230043,86815074,200 OK
http://www.intellilink.co.jp,20190718231043,83356222,200 OK
http://www.intellilink.co.jp,20190718232043,86882976,200 OK
http://www.intellilink.co.jp,20190718233043,69873359,200 OK
http://www.intellilink.co.jp,20190718234043,87393981,200 OK
http://www.intellilink.co.jp,20190718235043,86516977,200 OK
http://www.intellilink.co.jp,20190719000043,83925441,200 OK
http://www.intellilink.co.jp,20190719001043,69846303,200 OK
http://www.intellilink.co.jp,20190719002043,66958497,200 OK
http://www.intellilink.co.jp,20190719003043,63179850,200 OK
http://www.intellilink.co.jp,20190719004043,67219108,200 OK
http://www.intellilink.co.jp,20190719005043,105970511,200 OK
http://www.intellilink.co.jp,20190719010042,72655711,200 OK
http://www.intellilink.co.jp,20190719011043,68775794,200 OK
http://www.intellilink.co.jp,20190719012043,74067987,200 OK
http://www.intellilink.co.jp,20190719013043,82809490,200 OK
http://www.intellilink.co.jp,20190719014043,77496407,200 OK
http://www.intellilink.co.jp,20190719015043,82734229,200 OK
http://www.intellilink.co.jp,20190719020043,77510236,200 OK
http://www.intellilink.co.jp,20190719021043,67402564,200 OK
http://www.intellilink.co.jp,20190719022043,95643829,200 OK
http://www.intellilink.co.jp,20190719023043,70789990,200 OK
http://www.intellilink.co.jp,20190719024043,113485927,200 OK
http://www.intellilink.co.jp,20190719025042,75162186,200 OK
http://www.intellilink.co.jp,20190719030043,75036442,200 OK
http://www.intellilink.co.jp,20190719031043,74165626,200 OK
http://www.intellilink.co.jp,20190719032043,84280651,200 OK
http://www.intellilink.co.jp,20190719033043,77798478,200 OK
http://www.intellilink.co.jp,20190719034043,63790650,200 OK
http://www.intellilink.co.jp,20190719035043,70686528,200 OK
http://www.intellilink.co.jp,20190719040043,90614449,200 OK
http://www.intellilink.co.jp,20190719041043,67877311,200 OK
http://www.intellilink.co.jp,20190719042042,91492630,200 OK
http://www.intellilink.co.jp,20190719043043,77285401,200 OK
http://www.intellilink.co.jp,20190719044043,61375618,200 OK
http://www.intellilink.co.jp,20190719045043,67671697,200 OK
http://www.intellilink.co.jp,20190719050043,65936770,200 OK
http://www.intellilink.co.jp,20190719051043,76393375,200 OK
http://www.intellilink.co.jp,20190719052043,70928744,200 OK
http://www.intellilink.co.jp,20190719053043,100397138,200 OK
http://www.intellilink.co.jp,20190719054043,91078845,200 OK
http://www.intellilink.co.jp,20190719055042,126204397,200 OK
http://www.intellilink.co.jp,20190719060043,64956431,200 OK
http://www.intellilink.co.jp,20190719061042,71120860,200 OK
http://www.intellilink.co.jp,20190719062043,68942675,200 OK
http://www.intellilink.co.jp,20190719063043,69472111,200 OK
http://www.intellilink.co.jp,20190719064043,134316833,200 OK
http://www.intellilink.co.jp,20190719065043,91560967,200 OK
http://www.intellilink.co.jp,20190719070043,88273190,200 OK
http://www.intellilink.co.jp,20190719071042,129520347,200 OK
http://www.intellilink.co.jp,20190719072043,83961175,200 OK
http://www.intellilink.co.jp,20190719073043,67713251,200 OK
http://www.intellilink.co.jp,20190719074042,89875823,200 OK
http://www.intellilink.co.jp,20190719075043,83637556,200 OK
http://www.intellilink.co.jp,20190719080043,107112963,200 OK
http://www.intellilink.co.jp,20190719081043,77048581,200 OK
http://www.intellilink.co.jp,20190719082043,75002486,200 OK
http://www.intellilink.co.jp,20190719083043,62969245,200 OK
http://www.intellilink.co.jp,20190719084042,74866748,200 OK
http://www.intellilink.co.jp,20190719085043,82411211,200 OK
http://www.intellilink.co.jp,20190719090043,61780154,200 OK
http://www.intellilink.co.jp,20190719091043,75099634,200 OK
http://www.intellilink.co.jp,20190719092043,70221482,200 OK
http://www.intellilink.co.jp,20190719093043,84013891,200 OK
http://www.intellilink.co.jp,20190719094043,79639917,200 OK
http://www.intellilink.co.jp,20190719095043,111461234,200 OK
http://www.intellilink.co.jp,20190719100043,68393457,200 OK
http://www.intellilink.co.jp,20190719101043,70193659,200 OK
http://www.intellilink.co.jp,20190719102043,70641344,200 OK
http://www.intellilink.co.jp,20190719103043,76826480,200 OK
http://www.intellilink.co.jp,20190719104043,69837343,200 OK
http://www.intellilink.co.jp,20190719105043,70677651,200 OK
http://www.intellilink.co.jp,20190719110043,88479311,200 OK
http://www.intellilink.co.jp,20190719111043,63127127,200 OK
http://www.intellilink.co.jp,20190719112043,80977486,200 OK
http://www.intellilink.co.jp,20190719113043,78108262,200 OK
http://www.intellilink.co.jp,20190719114043,87809957,200 OK
http://www.intellilink.co.jp,20190719115043,91516058,200 OK
http://www.intellilink.co.jp,20190719120043,70293551,200 OK
http://www.intellilink.co.jp,20190719121043,90041402,200 OK
http://www.intellilink.co.jp,20190719122043,66830741,200 OK
http://www.intellilink.co.jp,20190719123043,81624874,200 OK
http://www.intellilink.co.jp,20190719124042,80220839,200 OK
http://www.intellilink.co.jp,20190719125042,71074925,200 OK
http://www.intellilink.co.jp,20190719130043,90921887,200 OK
http://www.intellilink.co.jp,20190719131043,95269465,200 OK
http://www.intellilink.co.jp,20190719132043,77981061,200 OK
http://www.intellilink.co.jp,20190719133043,74760766,200 OK
http://www.intellilink.co.jp,20190719134043,90083892,200 OK
http://www.intellilink.co.jp,20190719135043,87841123,200 OK
http://www.intellilink.co.jp,20190719140043,78528095,200 OK
http://www.intellilink.co.jp,20190719141043,85761685,200 OK
http://www.intellilink.co.jp,20190719142043,121444925,200 OK
http://www.intellilink.co.jp,20190719143042,89263160,200 OK
http://www.intellilink.co.jp,20190719144043,91653003,200 OK
http://www.intellilink.co.jp,20190719145043,121228072,200 OK
http://www.intellilink.co.jp,20190719150043,93120648,200 OK
http://www.intellilink.co.jp,20190719151043,96990042,200 OK
http://www.intellilink.co.jp,20190719152043,73885363,200 OK
http://www.intellilink.co.jp,20190719153043,58191085,200 OK
http://www.intellilink.co.jp,20190719154043,63599402,200 OK
http://www.intellilink.co.jp,20190719155042,67404374,200 OK
http://www.intellilink.co.jp,20190719160043,80490043,200 OK
http://www.intellilink.co.jp,20190719161043,81922798,200 OK
http://www.intellilink.co.jp,20190719162043,87536575,200 OK
http://www.intellilink.co.jp,20190719163042,58445271,200 OK
http://www.intellilink.co.jp,20190719164042,56273598,200 OK
http://www.intellilink.co.jp,20190719165043,61105670,200 OK
http://www.intellilink.co.jp,20190719170043,71723158,200 OK
http://www.intellilink.co.jp,20190719171043,64893322,200 OK
http://www.intellilink.co.jp,20190719172043,66426755,200 OK
http://www.intellilink.co.jp,20190719173043,81115133,200 OK
http://www.intellilink.co.jp,20190719174043,66089832,200 OK
http://www.intellilink.co.jp,20190719175043,89551903,200 OK
http://www.intellilink.co.jp,20190719180043,103488778,200 OK
http://www.intellilink.co.jp,20190719181043,148596826,200 OK
http://www.intellilink.co.jp,20190719182043,76432983,200 OK
http://www.intellilink.co.jp,20190719183043,76003644,200 OK
http://www.intellilink.co.jp,20190719184042,73602900,200 OK
http://www.intellilink.co.jp,20190719185042,74185660,200 OK
http://www.intellilink.co.jp,20190719190043,61692924,200 OK
http://www.intellilink.co.jp,20190719191042,90505848,200 OK
http://www.intellilink.co.jp,20190719192043,89445274,200 OK
http://www.intellilink.co.jp,20190719193042,83507990,200 OK
http://www.intellilink.co.jp,20190719194043,87540558,200 OK
http://www.intellilink.co.jp,20190719195043,67669375,200 OK
http://www.intellilink.co.jp,20190719200043,73227306,200 OK
http://www.intellilink.co.jp,20190719201043,75993376,200 OK
http://www.intellilink.co.jp,20190719202043,67495632,200 OK
http://www.intellilink.co.jp,20190719203043,72974464,200 OK
http://www.intellilink.co.jp,20190719204043,96639893,200 OK
http://www.intellilink.co.jp,20190719205043,86211588,200 OK
http://www.intellilink.co.jp,20190719210043,90853080,200 OK
http://www.intellilink.co.jp,20190719211043,86091469,200 OK
http://www.intellilink.co.jp,20190719212043,91820244,200 OK
http://www.intellilink.co.jp,20190719213043,84620510,200 OK
http://www.intellilink.co.jp,20190719214043,77921361,200 OK
http://www.intellilink.co.jp,20190719215043,101627897,200 OK
http://www.intellilink.co.jp,20190719220043,108616950,200 OK
http://www.intellilink.co.jp,20190719221043,84570692,200 OK
http://www.intellilink.co.jp,20190719222043,96548967,200 OK
http://www.intellilink.co.jp,20190719223043,91824455,200 OK
http://www.intellilink.co.jp,20190719224043,86525204,200 OK
http://www.intellilink.co.jp,20190719225043,97857215,200 OK
http://www.intellilink.co.jp,20190719230043,104783237,200 OK
http://www.intellilink.co.jp,20190719231043,66330557,200 OK
http://www.intellilink.co.jp,20190719232043,63317233,200 OK
http://www.intellilink.co.jp,20190719233043,97174427,200 OK
http://www.intellilink.co.jp,20190719234043,67624784,200 OK
http://www.intellilink.co.jp,20190719235043,89320104,200 OK
http://www.intellilink.co.jp,20190720000043,67432845,200 OK
http://www.intellilink.co.jp,20190720001042,69818278,200 OK
http://www.intellilink.co.jp,20190720002043,87334468,200 OK
http://www.intellilink.co.jp,20190720003043,70937845,200 OK
http://www.intellilink.co.jp,20190720004043,86013629,200 OK
http://www.intellilink.co.jp,20190720005043,75781882,200 OK
http://www.intellilink.co.jp,20190720010043,70678186,200 OK
http://www.intellilink.co.jp,20190720011043,80220856,200 OK
http://www.intellilink.co.jp,20190720012043,84844868,200 OK
http://www.intellilink.co.jp,20190720013043,73172157,200 OK
http://www.intellilink.co.jp,20190720014043,62761198,200 OK
http://www.intellilink.co.jp,20190720015043,270169978,200 OK
http://www.intellilink.co.jp,20190720020043,90069374,200 OK
http://www.intellilink.co.jp,20190720021042,84632906,200 OK
http://www.intellilink.co.jp,20190720022043,89078209,200 OK
http://www.intellilink.co.jp,20190720023043,76163045,200 OK
http://www.intellilink.co.jp,20190720024043,84918415,200 OK
http://www.intellilink.co.jp,20190720025043,70514143,200 OK
http://www.intellilink.co.jp,20190720030043,90067174,200 OK
http://www.intellilink.co.jp,20190720031043,84391158,200 OK
http://www.intellilink.co.jp,20190720032043,81822227,200 OK
http://www.intellilink.co.jp,20190720033043,77006661,200 OK
http://www.intellilink.co.jp,20190720034043,141795534,200 OK
http://www.intellilink.co.jp,20190720035043,72767192,200 OK
http://www.intellilink.co.jp,20190720040043,82052439,200 OK
http://www.intellilink.co.jp,20190720041042,67227331,200 OK
http://www.intellilink.co.jp,20190720042043,86330725,200 OK
http://www.intellilink.co.jp,20190720043043,76003488,200 OK
http://www.intellilink.co.jp,20190720044043,65179569,200 OK
http://www.intellilink.co.jp,20190720045043,98107148,200 OK
http://www.intellilink.co.jp,20190720050043,78818787,200 OK
http://www.intellilink.co.jp,20190720051043,62655011,200 OK
http://www.intellilink.co.jp,20190720052043,64360485,200 OK
http://www.intellilink.co.jp,20190720053043,71706520,200 OK
http://www.intellilink.co.jp,20190720054043,91691945,200 OK
http://www.intellilink.co.jp,20190720055043,63331464,200 OK
http://www.intellilink.co.jp,20190720060043,85723334,200 OK
http://www.intellilink.co.jp,20190720061043,76498717,200 OK
http://www.intellilink.co.jp,20190720062042,132285326,200 OK
http://www.intellilink.co.jp,20190720063043,63089362,200 OK
http://www.intellilink.co.jp,20190720064043,79578151,200 OK
http://www.intellilink.co.jp,20190720065043,115279963,200 OK
http://www.intellilink.co.jp,20190720070043,92229403,200 OK
http://www.intellilink.co.jp,20190720071043,104013211,200 OK
http://www.intellilink.co.jp,20190720072043,75774085,200 OK
http://www.intellilink.co.jp,20190720073043,124666642,200 OK
http://www.intellilink.co.jp,20190720074043,65617474,200 OK
â€‹